Mike,Tyson,tyson@usa.com,LosAngeles!5,LosAngeles!5
Brad,Pitt,pitt@gm.com,Philadelphia!1,Philadelphia!1
Olaf,Scholz,scholz@web.de,Berlin88!,Berlin88!
Den,Parkhom,parkhom@gmail.com,Parkhom777!,Parkhom777!